"Taxa"	"Hera_2"	"JarJarBinks_2"	"Lambchop_2"	"Goose_4"	"Buddy_16"	"Marshmallow_41"	"JarJarBinks_44"	"Hamlet_67"	"Grogu_70"
"Metabolism"	0.755505087135654	0.741440456671631	0.747215866091221	0.725410419309355	0.777494544623104	0.740090478798826	0.75086905025615	0.745906784161897	0.733272209574898
"Environmental Information Processing"	0.1056000666912	0.107599499468433	0.101582321534333	0.126969195949903	0.0934692571637225	0.108890524589978	0.102707248223672	0.100818909338946	0.120334222203085
"Cellular Processes"	0.0511241036489525	0.0572928995564152	0.0578778622797397	0.0597052398407763	0.0429617182150981	0.0581061834366304	0.0557104146729574	0.0584378345386968	0.0598063435022859
"Genetic Information Processing"	0.0485623420142674	0.0498477707669986	0.0461691151657953	0.0438689135585088	0.0503342492894896	0.0492000367616659	0.0472327113902304	0.0480459261467329	0.0403337474249606
"Human Diseases"	0.0265098620530224	0.0292677190117754	0.0322601360454489	0.0335677156043821	0.0248622539114679	0.0298705359968776	0.030408532091972	0.03064822796219	0.0343087556164207
"Organismal Systems"	0.0126985384569033	0.0145516545247469	0.0148946988834629	0.010478515737075	0.010877976797118	0.013842240416023	0.0130720433650186	0.016142317851537	0.0119447216783493
