"","Buddy_16","Hera_2","JarJarBinks_2","Lambchop_2","Goose_4","Marshmallow_41","JarJarBinks_44","Hamlet_67","Grogu_70"
"Buddy_16",0,0.343333333333333,0.664666666666667,0.814833333333333,0.891166666666667,0.260833333333333,0.323,0.6565,0.455333333333333
"Hera_2",0.343333333333333,0,0.716666666666667,0.6075,0.982333333333333,0.437166666666667,0.3595,0.414833333333333,0.549666666666667
"JarJarBinks_2",0.664666666666667,0.716666666666667,0,0.877833333333333,0.925166666666667,0.731666666666667,0.695333333333333,0.619,0.791166666666667
"Lambchop_2",0.814833333333333,0.6075,0.877833333333333,0,0.990833333333333,0.838166666666667,0.601333333333333,0.6435,0.861333333333333
"Goose_4",0.891166666666667,0.982333333333333,0.925166666666667,0.990833333333333,0,0.940333333333333,0.938833333333333,0.9905,0.857833333333333
"Marshmallow_41",0.260833333333333,0.437166666666667,0.731666666666667,0.838166666666667,0.940333333333333,0,0.365,0.683666666666667,0.475833333333333
"JarJarBinks_44",0.323,0.3595,0.695333333333333,0.601333333333333,0.938833333333333,0.365,0,0.640833333333333,0.5855
"Hamlet_67",0.6565,0.414833333333333,0.619,0.6435,0.9905,0.683666666666667,0.640833333333333,0,0.8265
"Grogu_70",0.455333333333333,0.549666666666667,0.791166666666667,0.861333333333333,0.857833333333333,0.475833333333333,0.5855,0.8265,0
