"","Buddy_16","Hera_2","JarJarBinks_2","Lambchop_2","Goose_4","Marshmallow_41","JarJarBinks_44","Hamlet_67","Grogu_70"
"Buddy_16",0,0.448979591836735,0.573529411764706,0.579365079365079,0.892215568862275,0.424242424242424,0.464788732394366,0.493506493506494,0.523809523809524
"Hera_2",0.448979591836735,0,0.55607476635514,0.551470588235294,0.908602150537634,0.462585034013605,0.506329113924051,0.376623376623377,0.532374100719424
"JarJarBinks_2",0.573529411764706,0.55607476635514,0,0.706467661691542,0.90983606557377,0.569306930693069,0.5625,0.537383177570093,0.651515151515151
"Lambchop_2",0.579365079365079,0.551470588235294,0.706467661691542,0,0.842105263157895,0.549180327868853,0.467213114754098,0.584507042253521,0.480392156862745
"Goose_4",0.892215568862275,0.908602150537634,0.90983606557377,0.842105263157895,0,0.910714285714286,0.877906976744186,0.881081081081081,0.85
"Marshmallow_41",0.424242424242424,0.462585034013605,0.569306930693069,0.549180327868853,0.910714285714286,0,0.4,0.47682119205298,0.53968253968254
"JarJarBinks_44",0.464788732394366,0.506329113924051,0.5625,0.467213114754098,0.877906976744186,0.4,0,0.5,0.46031746031746
"Hamlet_67",0.493506493506494,0.376623376623377,0.537383177570093,0.584507042253521,0.881081081081081,0.47682119205298,0.5,0,0.535211267605634
"Grogu_70",0.523809523809524,0.532374100719424,0.651515151515151,0.480392156862745,0.85,0.53968253968254,0.46031746031746,0.535211267605634,0
