"","Buddy_16","Hera_2","JarJarBinks_2","Lambchop_2","Goose_4","Marshmallow_41","JarJarBinks_44","Hamlet_67","Grogu_70"
"Buddy_16",0,0.320855301689486,0.470003728244573,0.393266955454267,0.720038388930152,0.306483714290267,0.300863183034139,0.332770919298059,0.273033373651534
"Hera_2",0.320855301689486,0,0.415345363409901,0.364222781943771,0.705120122091036,0.345407282926206,0.356082111935471,0.257516379716109,0.342113648036616
"JarJarBinks_2",0.470003728244573,0.415345363409901,0,0.536501023865718,0.762938543398096,0.415287343718027,0.392925434104485,0.345685026118926,0.463439574105753
"Lambchop_2",0.393266955454267,0.364222781943771,0.536501023865718,0,0.627657724056219,0.387993543098309,0.346293436062333,0.452227734116581,0.337210407567721
"Goose_4",0.720038388930152,0.705120122091036,0.762938543398096,0.627657724056219,0,0.755273262350819,0.750067581421994,0.734410037075656,0.721844802892162
"Marshmallow_41",0.306483714290267,0.345407282926206,0.415287343718027,0.387993543098309,0.755273262350819,0,0.256035495687538,0.316475378131702,0.339478106824673
"JarJarBinks_44",0.300863183034139,0.356082111935471,0.392925434104485,0.346293436062333,0.750067581421994,0.256035495687538,0,0.301536782628876,0.30335804256149
"Hamlet_67",0.332770919298059,0.257516379716109,0.345685026118926,0.452227734116581,0.734410037075656,0.316475378131702,0.301536782628876,0,0.35024200414269
"Grogu_70",0.273033373651534,0.342113648036616,0.463439574105753,0.337210407567721,0.721844802892162,0.339478106824673,0.30335804256149,0.35024200414269,0
