"","Buddy_16","Hera_2","JarJarBinks_2","Lambchop_2","Goose_4","Marshmallow_41","JarJarBinks_44","Hamlet_67","Grogu_70"
"Buddy_16",0,0.131742079900095,0.197594544863658,0.399727453967139,0.531936535592524,0.133958434013737,0.145523673293377,0.230012481708912,0.155748087766216
"Hera_2",0.131742079900095,0,0.25258376411145,0.354895079342467,0.61244831364297,0.169466650691772,0.157236403503763,0.146853495018208,0.13682164328742
"JarJarBinks_2",0.197594544863658,0.25258376411145,0,0.381250857953429,0.527182097910134,0.296173612592867,0.245272426353629,0.265458070545164,0.300184956351766
"Lambchop_2",0.399727453967139,0.354895079342467,0.381250857953429,0,0.391460690508748,0.442173682384752,0.2727306468798,0.380729029388469,0.387034827733212
"Goose_4",0.531936535592524,0.61244831364297,0.527182097910134,0.391460690508748,0,0.605456658654973,0.508422851012006,0.637223451190179,0.565256573275772
"Marshmallow_41",0.133958434013737,0.169466650691772,0.296173612592867,0.442173682384752,0.605456658654973,0,0.204490474733537,0.159957413458145,0.148027506790787
"JarJarBinks_44",0.145523673293377,0.157236403503763,0.245272426353629,0.2727306468798,0.508422851012006,0.204490474733537,0,0.264442646196003,0.189112181081979
"Hamlet_67",0.230012481708912,0.146853495018208,0.265458070545164,0.380729029388469,0.637223451190179,0.159957413458145,0.264442646196003,0,0.214027504766301
"Grogu_70",0.155748087766216,0.13682164328742,0.300184956351766,0.387034827733212,0.565256573275772,0.148027506790787,0.189112181081979,0.214027504766301,0
