"Taxa"	"ivy_17"	"korra_20"	"ophelia_20"	"kubo_21"	"franc_22"	"grogu_22"	"hamlet_23"	"franc_24"	"hera_24"	"ivy_24"	"kubo_24"	"ophelia_24"	"henry_25"	"kubo_25"	"ginger_44"	"iris_44"	"henry_45"	"korra_45"	"hamlet_46"	"joans_46"	"ginger_47"	"marshmallow_47"	"charles_48"	"grogu_48"	"henry_48"	"hera_48"	"kubo_48"	"kubo_49"	"franc_50"	"kubo_52"	"kubo_53"	"marshmallow_53"	"ginger_55"	"ophelia_55"	"buddy_56"
"k__Bacteria|p__Bacillota"	0.51225	0.55575	0.44975	0.72375	0.67975	0.1535	0.7155	0.61025	0.65325	0.6545	0.68025	0.65575	0.40275	0.32475	0.81675	0.6345	0.871	0.42175	0.52975	0.55875	0.8335	0.3385	0.6185	0.08225	0.80675	0.68225	0.61925	0.70275	0.7255	0.41125	0.746	0.1055	0.80375	0.521	0.3315
"k__Bacteria|p__Pseudomonadota"	0.142	0.27375	0.37125	0.11825	0.049	0.80175	0.03375	0.08425	0.02	0.0335	0.173	0.024	0.32275	0.51575	0.01625	0.02975	0.0175	0.1335	0.06425	0.18575	0.1025	0.583	0.14175	0.8855	0.015	0.03925	0.03675	0.04125	0.04825	0.32525	0.0335	0.87325	0.02875	0.3005	0.608
"k__Bacteria|p__Bacteroidota"	0.33925	0.16875	0.17475	0.15125	0.266	0.0445	0.2	0.29925	0.3025	0.19175	0.1435	0.303	0.24475	0.15675	0.1535	0.2985	0.109	0.4355	0.39025	0.25475	0.061	0.076	0.22725	0.03225	0.12725	0.275	0.3145	0.24575	0.223	0.261	0.18025	0.02075	0.149	0.1565	0.05575
"k__Bacteria|p__Fusobacteriota"	0.001	0	0	0.00075	0.00275	0	0.0505	0.0045	0.002	0.10425	0	0.00025	0.007	0.00175	0	0.0285	0	0	0.001	0	0	0	0.0105	0	0.00175	5e-04	0.028	0.00425	0	5e-04	0.01425	0	0	0.00625	0.0025
"k__Bacteria|p__Actinomycetota"	0.00525	0.00175	0.0015	0.006	0.00225	0.00025	0.00025	0.0015	0.02225	0.015	0.00325	0.01175	0.02275	0.001	0.0135	0.0055	0.0025	0.00925	0.01475	0.00075	0.003	0.0025	0.002	0	0.04925	0.003	0.0015	0.00475	0.001	0.002	0.02375	5e-04	0.0185	0.0155	0.00225
"k__Bacteria|p__Mycoplasmatota"	0.00025	0	0.00275	0	0	0	0	0.00025	0	0.001	0	0.00525	0	0	0	0.003	0	0	0	0	0	0	0	0	0	0	0	0.00125	0.002	0	0.00225	0	0	0.00025	0
"k__Bacteria|p__Campylobacterota"	0	0	0	0	0.00025	0	0	0	0	0	0	0	0	0	0	0.00025	0	0	0	0	0	0	0	0	0	0	0	0	0.00025	0	0	0	0	0	0
